DROP DATABASE IF EXISTS course_planner;
CREATE DATABASE IF NOT EXISTS course_planner;
USE course_planner;

DROP TABLE IF EXISTS enrolls;
DROP TABLE IF EXISTS crspln;
DROP TABLE IF EXISTS course_conc;
DROP TABLE IF EXISTS section;
DROP TABLE IF EXISTS student;
DROP TABLE IF EXISTS advisor;
DROP TABLE IF EXISTS login;
DROP TABLE IF EXISTS users;
DROP TABLE IF EXISTS concentration;
DROP TABLE IF EXISTS course;
DROP TABLE IF EXISTS instructor;
DROP TABLE IF EXISTS department;

CREATE TABLE users(netid varchar(25),fname varchar(25),lname varchar(25),email varchar(50),role varchar(25),PRIMARY KEY(netid));
CREATE TABLE login(nuid int,pwd varchar(25),netid varchar(25),PRIMARY KEY(nuid, netid),FOREIGN KEY(netid) REFERENCES users(netid));
CREATE TABLE advisor(a_netid varchar(25),PRIMARY KEY(a_netid),FOREIGN KEY(a_netid) REFERENCES users(netid));
CREATE TABLE student(s_netid varchar(25),s_level varchar(25),s_major varchar(50),s_conc varchar(50),a_netid varchar(25),PRIMARY KEY(s_netid),FOREIGN KEY(s_netid) REFERENCES users(netid),FOREIGN KEY(a_netid) REFERENCES advisor(a_netid));
CREATE TABLE course(c_id varchar(25),c_name varchar(100),c_credits int,c_rotation int,c_type varchar(25),PRIMARY KEY(c_id));
CREATE TABLE concentration(conc_id varchar(25),conc_name varchar(50),PRIMARY KEY(conc_id));
CREATE TABLE course_conc(c_id varchar(25),conc_id varchar(25),FOREIGN KEY(c_id) REFERENCES course(c_id),FOREIGN KEY(conc_id) REFERENCES concentration(conc_id));
CREATE TABLE department(dept_id varchar(25),dept_name varchar(100),PRIMARY KEY(dept_id));
CREATE TABLE instructor(inst_netid varchar(25),inst_fname varchar(25),inst_lname varchar(25),dept_id varchar(25),PRIMARY KEY(inst_netid),FOREIGN KEY(dept_id) REFERENCES department(dept_id));
CREATE TABLE section(c_id varchar(25),sec_sid varchar(25),sec_year int,sec_term varchar(25),sec_seats int,sec_aseats int,sec_enstat varchar(25),sec_loc varchar(25),sec_days varchar(25),sec_stime varchar(25),sec_etime varchar(25),sec_sdate varchar(25),sec_edate varchar(25),inst_netid varchar(25),PRIMARY KEY(sec_sid, sec_term, sec_year),FOREIGN KEY (c_id) REFERENCES course(c_id),FOREIGN KEY (inst_netid) REFERENCES instructor(inst_netid));
CREATE TABLE enrolls(s_netid varchar(25),c_id varchar(25),sec_sid varchar(25),sec_term varchar(25),sec_year int,gpa int,grade varchar(5),status varchar(20),PRIMARY KEY(c_id, sec_term, sec_year,s_netid),FOREIGN KEY(sec_sid, sec_term) REFERENCES section(sec_sid, sec_term),FOREIGN KEY(s_netid) REFERENCES student(s_netid),FOREIGN KEY(c_id) REFERENCES course(c_id));
CREATE TABLE crspln(s_netid varchar(25),c_id varchar(25),sec_sid varchar(25),sec_term varchar(25),sec_year int,grade varchar(5),PRIMARY KEY(c_id, sec_term, sec_year,s_netid),FOREIGN KEY(sec_sid, sec_term) REFERENCES section(sec_sid, sec_term),FOREIGN KEY(s_netid) REFERENCES student(s_netid),FOREIGN KEY(c_id) REFERENCES course(c_id));

INSERT INTO department VALUES('CSCI', 'Computer Science');
INSERT INTO department VALUES('ISQA', 'Information Systems & Quantitative Analysis');
INSERT INTO department VALUES('MATH', 'Mathematics');
INSERT INTO department VALUES('Si2', 'School of Interdisciplinary Informatics');
INSERT INTO department VALUES('CIST', 'College of Information Science & Technology');

INSERT INTO instructor VALUES('hali', 'Hesham', 'Ali', 'CSCI');
INSERT INTO instructor VALUES('khazanchi', 'Deepak', 'Khazanchi', 'CSCI');
INSERT INTO instructor VALUES('qzhu', 'Qiuming', 'Zhu', 'CSCI');
INSERT INTO instructor VALUES('aashokan', 'Ashwathy', 'Ashokan', 'CSCI');
INSERT INTO instructor VALUES('azad', 'Azad', 'Azadmanesh', 'CSCI');
INSERT INTO instructor VALUES('jbacagarcia', 'Jose', 'Baca', 'CSCI');
INSERT INTO instructor VALUES('dbertelsen', 'Doug', 'Bertelsen', 'CSCI');
INSERT INTO instructor VALUES('sbhowmick', 'Sanjukta', 'Bhowmick', 'CSCI');
INSERT INTO instructor VALUES('pcavanaugh', 'Patrick', 'Cavanaugh', 'CSCI');
INSERT INTO instructor VALUES('zchen', 'Zhengxin', 'Chen', 'CSCI');
INSERT INTO instructor VALUES('pchundi', 'Parvathi', 'Chundi', 'CSCI');
INSERT INTO instructor VALUES('pdasgupta', 'Prithviraj', 'Dasgupta', 'CSCI');
INSERT INTO instructor VALUES('bdorn', 'Brian', 'Dorn', 'CSCI');
INSERT INTO instructor VALUES('hfarhat', 'Hassan', 'Farhat', 'CSCI');
INSERT INTO instructor VALUES('rfulkerson', 'Robert', 'Fulkerson', 'CSCI');
INSERT INTO instructor VALUES('haifengguo', 'Hai-Feng', 'Guo', 'CSCI');
INSERT INTO instructor VALUES('ylierler', 'Yuliya', 'Lierler', 'CSCI');
INSERT INTO instructor VALUES('bricks', 'Brian', 'Ricks', 'CSCI');
INSERT INTO instructor VALUES('hsiy', 'Harvey', 'Siy', 'CSCI');
INSERT INTO instructor VALUES('myoungkyu', 'Myoungkyu', 'Song', 'CSCI');
INSERT INTO instructor VALUES('msubramaniam', 'Mahadevan', 'Subramaniam', 'CSCI');
INSERT INTO instructor VALUES('stanw', 'Stanley', 'Wileman', 'CSCI');
INSERT INTO instructor VALUES('vwinter', 'Victor', 'Winter', 'CSCI');
INSERT INTO instructor VALUES('jyoun', 'Jon', 'Youn', 'CSCI');
INSERT INTO instructor VALUES('mpauley', 'Mark', 'Pauley', 'Si2');
INSERT INTO instructor VALUES('johnkon', 'John', 'Konvalina', 'MATH');
INSERT INTO instructor VALUES('mbaccouch', 'Mahboub', 'Baccouch', 'MATH');
INSERT INTO instructor VALUES('aswift', 'Andrew', 'Swift', 'MATH');
INSERT INTO instructor VALUES('rgandhi', 'Robin', 'Gandhi', 'Si2');
INSERT INTO instructor VALUES('aparakh', 'Abhishek', 'Parakh', 'Si2');
INSERT INTO instructor VALUES('elder', 'Griff', 'Elder', 'MATH');
INSERT INTO instructor VALUES('jjhazuka', 'Jeffery', 'Hazuka', 'MATH');
INSERT INTO instructor VALUES('rmei', 'Ren', 'Mei', 'CSCI');
INSERT INTO instructor VALUES('jblackmore', 'Jeff', 'Blackmore', 'CIST');
INSERT INTO instructor VALUES('wmahoney', 'Bill', 'Mahoney', 'Si2');
INSERT INTO instructor VALUES('svlasnik', 'Sandra', 'Vlasnik', 'ISQA');
INSERT INTO instructor VALUES('blove', 'Betty', 'Love', 'MATH');

INSERT INTO concentration VALUES('AI', 'Artificial Intelligence');
INSERT INTO concentration VALUES('IA', 'Information Assurance');
INSERT INTO concentration VALUES('DB', 'Database Systems and Data Science');
INSERT INTO concentration VALUES('NW', 'Newtorks Technologes');
INSERT INTO concentration VALUES('SE', 'Software Engineering');
INSERT INTO concentration VALUES('CC', 'Core');
INSERT INTO concentration VALUES('GE', 'General');
INSERT INTO concentration VALUES('THE', 'Thesis');
INSERT INTO concentration VALUES('PRO', 'Project');
INSERT INTO concentration VALUES('CAP', 'Capstone');

INSERT INTO course VALUES('CSCI1620', 'INTRO TO COMPUTER SCIENCE II', 3, 0, 'U');
INSERT INTO course VALUES('CSCI3710', 'INTRO TO DIGITAL DESIGN', 3, 0, 'U');
INSERT INTO course VALUES('CSCI4220', 'PRINC OF PROGRAMMING LANGUAGES', 3, 0, 'U');
INSERT INTO course VALUES('CSCI4350', 'COMPUTER ARCHITECTURE', 3, 0, 'U');
INSERT INTO course VALUES('CSCI4830', 'INTRODUCTN SOFTWARE ENGINEERNG', 3, 0, 'U');
INSERT INTO course VALUES('CSCI8000', 'ADV CONCEPTS PROGRAMMING LANG', 3, 0, 'G');
INSERT INTO course VALUES('CSCI8010', 'FOUNDATNS OF COMPUTER SCIENCE', 3, 0, 'G');
INSERT INTO course VALUES('CSCI8040', 'LARGE SCALE NETWORK ANALYSIS', 3, 1, 'U');
INSERT INTO course VALUES('CSCI8080', 'DSGN & ANALYSIS OF ALGORITHMS', 3, 0, 'G');
INSERT INTO course VALUES('CSCI8105', 'APPLIED COMBINATORICS', 3, 0, 'G');
INSERT INTO course VALUES('CSCI8110', 'ADV TOPICS ARTIFICIAL INTEL', 3, 2, 'G');
INSERT INTO course VALUES('CSCI8150', 'ADVANCED COMPUTER ARCHITECTURE', 3, 0, 'G');
INSERT INTO course VALUES('CSCI8156', 'GRAPH THEORY & APPLICATIONS', 3, 0, 'G');
INSERT INTO course VALUES('CSCI8210', 'ADVANCE COMMUNICATION NETWORKS', 3, 1, 'G');
INSERT INTO course VALUES('CSCI8256', 'HUMAN COMPUTER INTERACTION', 3, 0, 'G');
INSERT INTO course VALUES('CSCI8266', 'USER INTERFACE DSGN & DEVL', 3, 0, 'G');
INSERT INTO course VALUES('CSCI8300', 'IMAGE PROCESSING AND COMPUTER VISION', 3, 1, 'G');
INSERT INTO course VALUES('CSCI8305', 'NUMERICAL METHODS', 3, 0, 'G');
INSERT INTO course VALUES('CSCI8306', 'DETERMINISTIC OPS RSRCH MODELS', 3, 0, 'G');
INSERT INTO course VALUES('CSCI8316', 'PROBABILISTIC OPS RSCH MODELS', 3, 0, 'G');
INSERT INTO course VALUES('CSCI8325', 'DATA STRUCTURES', 3, 0, 'U');
INSERT INTO course VALUES('CSCI8350', 'DATA WAREHOUSING & DATA MINING', 3, 2, 'G');
INSERT INTO course VALUES('CSCI8360', 'INFORM STORAGE & RETRIEVAL', 3, 1, 'G');
INSERT INTO course VALUES('CSCI8366', 'FOUNDATIONS OF IA', 3, 2, 'G');
INSERT INTO course VALUES('CSCI8390', 'ADVANCED TOPICS DATA BASE MGT', 3, 2, 'G');
INSERT INTO course VALUES('CSCI8340', 'DATABASE MANAGEMENT SYSTEMS II', 3, 0, 'G');
INSERT INTO course VALUES('CSCI8410', 'DISTRIB SYSTEM & NETWORK SEC', 3, 2, 'G');
INSERT INTO course VALUES('CSCI8420', 'SOFTWARE ASSURANCE', 3, 0, 'G');
INSERT INTO course VALUES('CSCI8430', 'TRUSTED SYSTEM DESIGN, ANALYSIS & DEVELOPMENT', 3, 0, 'G');
INSERT INTO course VALUES('CSCI8450', 'ADV NATURAL LANGUAGE UNDERSTAN', 3, 2, 'G');
INSERT INTO course VALUES('CSCI8456', 'INTRODUCTION ARTIFICIAL INTELL', 3, 0, 'G');
INSERT INTO course VALUES('CSCI8480', 'MULTI-AGENT SYSTEMS & GAME THEORY', 3, 1, 'G');
INSERT INTO course VALUES('CSCI8506', 'OPERATING SYSTEMS', 3, 0, 'U');
INSERT INTO course VALUES('CSCI8530', 'ADVANCED OPERATING SYSTEMS', 3, 0, 'A');
INSERT INTO course VALUES('CSCI8555', 'COMMUNICATION NETWORKS', 3, 0, 'G');
INSERT INTO course VALUES('CSCI8566', 'NUMBER THEORY & CRYPTOGRAPHY', 3, 0, 'G');
INSERT INTO course VALUES('CSCI8610', 'FAULT TOLERANT DISTRIBUTED SYSTEMS', 3, 1, 'G');
INSERT INTO course VALUES('CSCI8620', 'MOBILE COMP & WIRELESS NETWRKS', 3, 2, 'G');
INSERT INTO course VALUES('CSCI8626', 'COMPUTER GRAPHICS', 3, 0, 'G');
INSERT INTO course VALUES('CSCI8700', 'SOFTWARE SPECIFIC & DESIGN', 3, 0, 'G');
INSERT INTO course VALUES('CSCI8710', 'OBJECT ORIENTED SOFTWARE DEVELOPMENT', 3, 1, 'G');
INSERT INTO course VALUES('CSCI8760', 'FORMAL METHODS & HIGH ASSURANCE S/W ENGINEERING', 3, 1, 'G');
INSERT INTO course VALUES('CSCI8790', 'ADVANCED TOPICS SOFTWARE ENGR', 3, 2, 'G');
INSERT INTO course VALUES('CSCI8836', 'INTRODUCTN SOFTWARE ENGINEERNG', 3, 0, 'U');
INSERT INTO course VALUES('CSCI8856', 'DATABASE MANAGEMENT SYSTEMS', 3, 0, 'G');
INSERT INTO course VALUES('CSCI8876', 'DB SEARCH/PATTERN DIS BIOINFO', 3, 0, 'G');
INSERT INTO course VALUES('CSCI8910', 'MASTER OF SCIENCE CAPSTONE', 3, 0, 'G');
INSERT INTO course VALUES('CSCI8920', 'ADV TOPICS COMPUTER SCIENCE', 3, 0, 'G');
INSERT INTO course VALUES('CSCI8950', 'GRADUATE INTERNSHIP COMP SCI', 3, 0, 'G');
INSERT INTO course VALUES('CSCI8960', 'THESIS EQUIVALENT PROJECT CSCI', 3, 0, 'G');
INSERT INTO course VALUES('CSCI8970', 'INDEPENDENT STUDY', 3, 0, 'G');
INSERT INTO course VALUES('CSCI8986', 'TOPICS IN COMPUTER SCIENCE', 3, 0, 'G');
INSERT INTO course VALUES('CSCI8990', 'THESIS', 3, 0, 'G');
INSERT INTO course VALUES('CIST1400', 'INTRO TO COMPUTER PROGRAMMING', 3, 0, 'U');

INSERT INTO section VALUES('CSCI1620', 'CSCI1620-001', 2017, 'Spring', 25, 25, 'Open', 'PKIEWIT274', 'MW', '10:30am', '11:45am', '9-Jan', '5-May', 'pcavanaugh');
INSERT INTO section VALUES('CSCI1620', 'CSCI1620-002', 2017, 'Spring', 25, 25, 'Open', 'PKIEWIT269', 'TR', '12:00pm', '01:15pm', '9-Jan', '5-May', 'bricks');
INSERT INTO section VALUES('CSCI1620', 'CSCI1620-003', 2017, 'Spring', 25, 25, 'Open', 'PKIEWIT153', 'MW', '01:30pm', '02:45pm', '9-Jan', '5-May', 'mpauley');
INSERT INTO section VALUES('CSCI1620', 'CSCI1620-004', 2017, 'Spring', 25, 25, 'Open', 'PKIEWIT164', 'MW', '04:00pm', '05:15pm', '9-Jan', '5-May', 'rmei');
INSERT INTO section VALUES('CSCI1620', 'CSCI1620-005', 2017, 'Spring', 25, 25, 'Open', 'PKIEWIT276', 'TR', '01:30pm', '02:45pm', '9-Jan', '5-May', 'bricks');
INSERT INTO section VALUES('CSCI1620', 'CSCI1620-006', 2017, 'Spring', 25, 25, 'Open', 'PKIEWIT252', 'W', '04:00pm', '06:45pm', '9-Jan', '5-May', 'aashokan');
INSERT INTO section VALUES('CSCI1620', 'CSCI1620-850', 2017, 'Spring', 25, 25, 'Open', 'TOTLONLINE', 'TBA', 'TBA', 'TBA', '9-Jan', '5-May', 'pcavanaugh');
INSERT INTO section VALUES('CSCI3710', 'CSCI3710-001', 2017, 'Spring', 25, 25, 'Open', 'PKIEWIT274', 'MW', '12:00pm', '01:15pm', '9-Jan', '5-May', 'hfarhat');
INSERT INTO section VALUES('CSCI3710', 'CSCI3710-002', 2017, 'Spring', 25, 25, 'Open', 'PKIEWIT263', 'MW', '01:30pm', '02:45pm', '9-Jan', '5-May', 'hfarhat');
INSERT INTO section VALUES('CSCI4220', 'CSCI4220-001', 2017, 'Spring', 25, 25, 'Open', 'PKIEWIT274', 'TR', '04:00pm', '05:15pm', '9-Jan', '5-May', 'vwinter');
INSERT INTO section VALUES('CSCI4220', 'CSCI4220-002', 2017, 'Spring', 25, 25, 'Open', 'PKIEWIT274', 'TR', '09:00am', '10:15am', '9-Jan', '5-May', 'vwinter');
INSERT INTO section VALUES('CSCI4350', 'CSCI4350-001', 2017, 'Spring', 25, 25, 'Open', 'PKIEWIT161', 'MW', '12:00pm', '01:15pm', '9-Jan', '5-May', 'azad');
INSERT INTO section VALUES('CSCI4830', 'CSCI4830-001', 2017, 'Spring', 25, 25, 'Open', 'PKIEWIT263', 'TR', '03:00pm', '04:15pm', '9-Jan', '5-May', 'myoungkyu');
INSERT INTO section VALUES('CSCI8000', 'CSCI8000-001', 2017, 'Spring', 25, 25, 'Open', 'PKIEWIT274', 'TR', '05:30pm', '06:45pm', '9-Jan', '5-May', 'vwinter');
INSERT INTO section VALUES('CSCI8040', 'CSCI8040-001', 2017, 'Spring', 25, 25, 'Open', 'PKIEWIT270', 'MW', '05:30pm', '06:45pm', '9-Jan', '5-May', 'sbhowmick');
INSERT INTO section VALUES('CSCI8080', 'CSCI8080-001', 2017, 'Spring', 25, 25, 'Open', 'PKIEWIT260', 'TR', '05:30pm', '06:45pm', '9-Jan', '5-May', 'pchundi');
INSERT INTO section VALUES('CSCI8105', 'CSCI8105-001', 2017, 'Spring', 25, 25, 'Open', 'DURHAM256', 'MW', '04:00pm', '05:15pm', '9-Jan', '5-May', 'johnkon');
INSERT INTO section VALUES('CSCI8150', 'CSCI8150-001', 2017, 'Spring', 25, 25, 'Open', 'PKIEWIT153', 'MW', '04:00pm', '05:15pm', '9-Jan', '5-May', 'sbhowmick');
INSERT INTO section VALUES('CSCI8156', 'CSCI8156-001', 2017, 'Spring', 25, 25, 'Open', 'PKIEWIT256', 'TR', '04:00pm', '05:15pm', '9-Jan', '5-May', 'hali');
INSERT INTO section VALUES('CSCI8266', 'CSCI8266-001', 2017, 'Spring', 25, 25, 'Open', 'PKIEWIT256', 'TR', '10:30am', '11:45am', '9-Jan', '5-May', 'bdorn');
INSERT INTO section VALUES('CSCI8305', 'CSCI8305-001', 2017, 'Spring', 25, 25, 'Open', 'DURHAM169', 'TR', '04:00pm', '05:15pm', '9-Jan', '5-May', 'mbaccouch');
INSERT INTO section VALUES('CSCI8316', 'CSCI8316-001', 2017, 'Spring', 25, 25, 'Open', 'DURHAM110', 'TR', '04:00pm', '05:15pm', '9-Jan', '5-May', 'aswift');
INSERT INTO section VALUES('CSCI8325', 'CSCI8325-001', 2017, 'Spring', 25, 25, 'Open', 'PKIEWIT274', 'MW', '01:30pm', '02:45pm', '9-Jan', '5-May', 'jyoun');
INSERT INTO section VALUES('CSCI8340', 'CSCI8340-001', 2017, 'Spring', 30, 30, 'Open', 'PKIEWIT155', 'TR', '05:30pm', '06:45pm', '9-Jan', '5-May', 'zchen');
INSERT INTO section VALUES('CSCI8366', 'CSCI8366-001', 2017, 'Spring', 25, 25, 'Open', 'PKIEWIT164', 'T', '05:30pm', '08:10pm', '9-Jan', '5-May', 'rgandhi');
INSERT INTO section VALUES('CSCI8366', 'CSCI8366-002', 2017, 'Spring', 25, 25, 'Open', 'PKIEWIT361', 'R', '03:00pm', '05:15pm', '9-Jan', '5-May', 'rgandhi');
INSERT INTO section VALUES('CSCI8390', 'CSCI8390-001', 2017, 'Spring', 25, 25, 'Open', 'PKIEWIT164', 'MW', '07:00pm', '08:15pm', '9-Jan', '5-May', 'zchen');
INSERT INTO section VALUES('CSCI8410', 'CSCI8410-001', 2017, 'Spring', 25, 25, 'Open', 'PKIEWIT153', 'MW', '05:30pm', '06:45pm', '9-Jan', '5-May', 'aparakh');
INSERT INTO section VALUES('CSCI8450', 'CSCI8450-001', 2017, 'Spring', 25, 25, 'Open', 'PKIEWIT261', 'MW', '09:00am', '10:15am', '9-Jan', '5-May', 'ylierler');
INSERT INTO section VALUES('CSCI8480', 'CSCI8480-001', 2017, 'Spring', 15, 15, 'Open', 'PKIEWIT269', 'F', '09:30am', '12:00pm', '9-Jan', '5-May', 'pdasgupta');
INSERT INTO section VALUES('CSCI8506', 'CSCI8506-001', 2017, 'Spring', 25, 25, 'Open', 'PKIEWIT256', 'TR', '01:30pm', '02:45pm', '9-Jan', '5-May', 'stanw');
INSERT INTO section VALUES('CSCI8555', 'CSCI8555-001', 2017, 'Spring', 25, 25, 'Open', 'PKIEWIT263', 'MW', '04:00pm', '05:15pm', '9-Jan', '5-May', 'azad');
INSERT INTO section VALUES('CSCI8566', 'CSCI8566-001', 2017, 'Spring', 25, 25, 'Open', 'DURHAM256', 'MW', '07:00pm', '08:15pm', '9-Jan', '5-May', 'elder');
INSERT INTO section VALUES('CSCI8610', 'CSCI8610-001', 2017, 'Spring', 25, 25, 'Open', 'PKIEWIT269', 'M', '05:30pm', '08:10pm', '9-Jan', '5-May', 'azad');
INSERT INTO section VALUES('CSCI8626', 'CSCI8626-001', 2017, 'Spring', 25, 25, 'Open', 'PKIEWIT260', 'TR', '12:00pm', '01:15pm', '9-Jan', '5-May', 'stanw');
INSERT INTO section VALUES('CSCI8760', 'CSCI8760-001', 2017, 'Spring', 25, 25, 'Open', 'PKIEWIT274', 'TR', '04:00pm', '05:15pm', '9-Jan', '5-May', 'msubramaniam');
INSERT INTO section VALUES('CSCI8790', 'CSCI8790-001', 2017, 'Spring', 25, 25, 'Open', 'PKIEWIT153', 'MW', '07:00pm', '08:15pm', '9-Jan', '5-May', 'myoungkyu');
INSERT INTO section VALUES('CSCI8836', 'CSCI8836-001', 2017, 'Spring', 25, 25, 'Open', 'PKIEWIT263', 'TR', '03:00pm', '04:15pm', '9-Jan', '5-May', 'myoungkyu');
INSERT INTO section VALUES('CSCI8856', 'CSCI8856-001', 2017, 'Spring', 25, 25, 'Open', 'PKIEWIT153', 'TR', '01:30pm', '02:45pm', '9-Jan', '5-May', 'pchundi');
INSERT INTO section VALUES('CSCI8876', 'CSCI8876-001', 2017, 'Spring', 25, 25, 'Open', 'PKIEWIT157', 'MW', '05:30pm', '06:45pm', '9-Jan', '5-May', 'zchen');
INSERT INTO section VALUES('CSCI8910', 'CSCI8910-850', 2017, 'Spring', 25, 25, 'Open', 'TOTLONLINE', 'TBA', 'TBA', 'TBA', '9-Jan', '5-May', 'qzhu');
INSERT INTO section VALUES('CSCI8950', 'CSCI8950-001', 2017, 'Spring', 25, 25, 'Open', 'TBA', 'TBA', 'TBA', 'TBA', '9-Jan', '5-May', 'jyoun');
INSERT INTO section VALUES('CSCI8960', 'CSCI8960-001', 2017, 'Spring', 5, 5, 'Open', 'TBA', 'TBA', 'TBA', 'TBA', '9-Jan', '5-May', 'jyoun');
INSERT INTO section VALUES('CSCI8970', 'CSCI8970-001', 2017, 'Spring', 5, 5, 'Open', 'TBA', 'TBA', 'TBA', 'TBA', '9-Jan', '5-May', 'jyoun');
INSERT INTO section VALUES('CSCI8990', 'CSCI8990-001', 2017, 'Spring', 10, 10, 'Open', 'TBA', 'TBA', 'TBA', 'TBA', '9-Jan', '5-May', 'jyoun');
INSERT INTO section VALUES('CIST1400', 'CIST1400-001', 2017, 'Spring', 25, 25, 'Open', 'PKIEWIT157', 'MW', '10:30am', '11:45am', '9-Jan', '5-May', 'svlasnik');
INSERT INTO section VALUES('CIST1400', 'CIST1400-002', 2017, 'Spring', 25, 25, 'Open', 'PKIEWIT155', 'MW', '01:30pm', '02:45pm', '9-Jan', '5-May', 'dbertelsen');
INSERT INTO section VALUES('CIST1400', 'CIST1400-003', 2017, 'Spring', 25, 25, 'Open', 'PKIEWIT274', 'TR', '10:30am', '11:45am', '9-Jan', '5-May', 'rfulkerson');
INSERT INTO section VALUES('CIST1400', 'CIST1400-009', 2017, 'Spring', 25, 25, 'Open', 'PKIEWIT155', 'MW', '07:00pm', '08:15pm', '9-Jan', '5-May', 'aashokan');
INSERT INTO section VALUES('CIST1400', 'CIST1400-850', 2017, 'Spring', 25, 25, 'Open', 'TOTLONLINE', 'TBA', 'TBA', 'TBA', '9-Jan', '5-May', 'rfulkerson');
INSERT INTO section VALUES('CSCI1620', 'CSCI1620-301', 2017, 'Summer', 31, 31, 'Open', 'PKIEWIT252', 'TR', '05:00pm', '08:20pm', '5-Jul', '12-Aug', 'rmei');
INSERT INTO section VALUES('CSCI1620', 'CSCI1620-850', 2017, 'Summer', 25, 25, 'Open', 'TOTLONLINE', 'TBA', 'TBA', 'TBA', '16-May', '24-Jun', 'pcavanaugh');
INSERT INTO section VALUES('CSCI3710', 'CSCI3710-401', 2017, 'Summer', 20, 20, 'Open', 'PKIEWIT263', 'MWF', '05:00pm', '07:40pm', '11-Jul', '12-Aug', 'hfarhat');
INSERT INTO section VALUES('CSCI4220', 'CSCI4220-301', 2017, 'Summer', 25, 25, 'Open', 'PKIEWIT261', 'TR', '05:00pm', '08:20pm', '5-Jun', '12-Aug', 'vwinter');
INSERT INTO section VALUES('CSCI4350', 'CSCI4350-101', 2017, 'Summer', 25, 25, 'Open', 'PKIEWIT263', 'MW', '01:30pm', '04:50pm', '16-May', '24-Jun', 'azad');
INSERT INTO section VALUES('CSCI4830', 'CSCI4830-860', 2017, 'Summer', 25, 25, 'Open', 'PKIEWIT160', 'M', '06:00pm', '07:30pm', '16-May', '24-Jun', 'hsiy');
INSERT INTO section VALUES('CSCI8080', 'CSCI8080-201', 2017, 'Summer', 25, 25, 'Open', 'PKIEWIT261', 'MTWR', '05:00pm', '07:00pm', '31-May', '1-Jun', 'pchundi');
INSERT INTO section VALUES('CSCI8150', 'CSCI8150-101', 2017, 'Summer', 25, 25, 'Open', 'PKIEWIT274', 'MW', '05:30pm', '08:50pm', '16-May', '24-Jun', 'msubramaniam');
INSERT INTO section VALUES('CSCI8325', 'CSCI8325-201', 2017, 'Summer', 4, 4, 'Open', 'PKIEWIT155', 'MTWR', '05:00pm', '07:00pm', '31-May', '1-Jun', 'jyoun');
INSERT INTO section VALUES('CSCI8506', 'CSCI8506-401', 2017, 'Summer', 16, 16, 'Open', 'PKIEWIT153', 'MW', '05:00pm', '09:00pm', '11-Jul', '12-Aug', 'stanw');
INSERT INTO section VALUES('CSCI8836', 'CSCI8836-860', 2017, 'Summer', 10, 10, 'Open', 'PKIEWIT160', 'M', '06:00pm', '07:30pm', '16-May', '12-Aug', 'hsiy');
INSERT INTO section VALUES('CSCI8856', 'CSCI8856-301', 2017, 'Summer', 10, 10, 'Open', 'PKIEWIT252', 'MW', '05:00pm', '08:20pm', '5-Jun', '12-Aug', 'zchen');
INSERT INTO section VALUES('CSCI8950', 'CSCI8950-501', 2017, 'Summer', 30, 30, 'Open', 'TBA', 'TBA', 'TBA', 'TBA', '16-May', '12-Aug', 'jyoun');
INSERT INTO section VALUES('CSCI8960', 'CSCI8960-501', 2017, 'Summer', 30, 30, 'Open', 'TBA', 'TBA', 'TBA', 'TBA', '16-May', '12-Aug', 'jyoun');
INSERT INTO section VALUES('CSCI8970', 'CSCI8970-201', 2017, 'Summer', 10, 10, 'Open', 'TBA', 'TBA', 'TBA', 'TBA', '31-May', '1-Jun', 'jyoun');
INSERT INTO section VALUES('CSCI8970', 'CSCI8970-501', 2017, 'Summer', 30, 30, 'Open', 'TBA', 'TBA', 'TBA', 'TBA', '16-May', '12-Aug', 'jyoun');
INSERT INTO section VALUES('CSCI8990', 'CSCI8990-501', 2017, 'Summer', 30, 30, 'Open', 'TBA', 'TBA', 'TBA', 'TBA', '16-May', '12-Aug', 'jyoun');
INSERT INTO section VALUES('CIST1400', 'CIST1400-101', 2017, 'Summer', 30, 30, 'Open', 'PKIEWIT260', 'MW', '05:00pm', '08:20pm', '16-May', '24-Jun', 'jblackmore');
INSERT INTO section VALUES('CIST1400', 'CIST1400-850', 2017, 'Summer', 25, 25, 'Open', 'TOTLONLINE', 'TBA', 'TBA', 'TBA', '16-May', '24-Jun', 'rfulkerson');
INSERT INTO section VALUES('CSCI1620', 'CSCI1620-001', 2017, 'Fall', 30, 30, 'Open', 'PKIEWIT274', 'TR', '04:00pm', '05:15pm', '22-Aug', '16-Dec', 'pcavanaugh');
INSERT INTO section VALUES('CSCI1620', 'CSCI1620-002', 2017, 'Fall', 30, 30, 'Open', 'PKIEWIT155', 'MW', '10:30am', '11:45am', '22-Aug', '16-Dec', 'aashokan');
INSERT INTO section VALUES('CSCI1620', 'CSCI1620-003', 2017, 'Fall', 30, 30, 'Open', 'PKIEWIT256', 'TR', '12:00pm', '01:15pm', '22-Aug', '16-Dec', 'pcavanaugh');
INSERT INTO section VALUES('CSCI1620', 'CSCI1620-004', 2017, 'Fall', 30, 30, 'Open', 'PKIEWIT153', 'MW', '10:30am', '11:45am', '22-Aug', '16-Dec', 'mpauley');
INSERT INTO section VALUES('CSCI1620', 'CSCI1620-005', 2017, 'Fall', 30, 30, 'Open', 'PKIEWIT155', 'MW', '03:00pm', '04:15pm', '22-Aug', '16-Dec', 'rmei');
INSERT INTO section VALUES('CSCI1620', 'CSCI1620-850', 2017, 'Fall', 30, 30, 'Open', 'TOTLONLINE', 'TBA', 'TBA', 'TBA', '22-Aug', '16-Dec', 'pcavanaugh');
INSERT INTO section VALUES('CSCI3710', 'CSCI3710-001', 2017, 'Fall', 30, 30, 'Open', 'PKIEWIT261', 'MW', '10:30am', '11:45am', '22-Aug', '16-Dec', 'hfarhat');
INSERT INTO section VALUES('CSCI3710', 'CSCI3710-002', 2017, 'Fall', 30, 30, 'Open', 'PKIEWIT261', 'MW', '01:30pm', '02:45pm', '22-Aug', '16-Dec', 'hfarhat');
INSERT INTO section VALUES('CSCI4220', 'CSCI4220-001', 2017, 'Fall', 30, 30, 'Open', 'PKIEWIT274', 'TR', '10:30am', '11:45am', '22-Aug', '16-Dec', 'wmahoney');
INSERT INTO section VALUES('CSCI4220', 'CSCI4220-002', 2017, 'Fall', 30, 30, 'Open', 'PKIEWIT260', 'TR', '03:00pm', '04:15pm', '22-Aug', '16-Dec', 'wmahoney');
INSERT INTO section VALUES('CSCI4350', 'CSCI4350-001', 2017, 'Fall', 30, 30, 'Open', 'PKIEWIT274', 'W', '05:30pm', '08:10pm', '22-Aug', '16-Dec', 'azad');
INSERT INTO section VALUES('CSCI4830', 'CSCI4830-001', 2017, 'Fall', 30, 30, 'Open', 'PKIEWIT252', 'MW', '04:00pm', '05:15pm', '22-Aug', '16-Dec', 'myoungkyu');
INSERT INTO section VALUES('CSCI8000', 'CSCI8000-001', 2017, 'Fall', 30, 30, 'Open', 'PKIEWIT278', 'TR', '04:00pm', '05:15pm', '22-Aug', '16-Dec', 'haifengguo');
INSERT INTO section VALUES('CSCI8010', 'CSCI8010-001', 2017, 'Fall', 30, 30, 'Open', 'PKIEWIT252', 'MW', '07:00pm', '08:15pm', '22-Aug', '16-Dec', 'msubramaniam');
INSERT INTO section VALUES('CSCI8105', 'CSCI8105-001', 2017, 'Fall', 30, 30, 'Open', 'DURHAM109', 'MW', '04:00pm', '05:15pm', '22-Aug', '16-Dec', 'johnkon');
INSERT INTO section VALUES('CSCI8110', 'CSCI8110-001', 2017, 'Fall', 30, 30, 'Open', 'PKIEWIT261', 'TR', '04:30pm', '05:45pm', '22-Aug', '16-Dec', 'ylierler');
INSERT INTO section VALUES('CSCI8256', 'CSCI8256-001', 2017, 'Fall', 30, 30, 'Open', 'PKIEWIT256', 'MW', '01:30pm', '02:45pm', '22-Aug', '16-Dec', 'bdorn');
INSERT INTO section VALUES('CSCI8300', 'CSCI8300-001', 2017, 'Fall', 25, 25, 'Open', 'TOTLONLINE', 'TBA', 'TBA', 'TBA', '22-Aug', '16-Dec', 'qzhu');
INSERT INTO section VALUES('CSCI8306', 'CSCI8306-001', 2017, 'Fall', 30, 30, 'Open', 'DURHAM254', 'MW', '04:00pm', '05:15pm', '22-Aug', '16-Dec', 'blove');
INSERT INTO section VALUES('CSCI8325', 'CSCI8325-002', 2017, 'Fall', 30, 30, 'Open', 'PKIEWIT263', 'TR', '10:30am', '11:45am', '22-Aug', '16-Dec', 'pdasgupta');
INSERT INTO section VALUES('CSCI8350', 'CSCI8350-001', 2017, 'Fall', 30, 30, 'Open', 'PKIEWIT161', 'TR', '05:30pm', '06:45pm', '22-Aug', '16-Dec', 'zchen');
INSERT INTO section VALUES('CSCI8360', 'CSCI8360-001', 2017, 'Fall', 30, 30, 'Open', 'PKIEWIT157', 'MW', '05:30pm', '06:45pm', '22-Aug', '16-Dec', 'pchundi');
INSERT INTO section VALUES('CSCI8366', 'CSCI8366-001', 2017, 'Fall', 30, 30, 'Open', 'PKIEWIT252', 'T', '01:30pm', '04:10pm', '22-Aug', '16-Dec', 'rgandhi');
INSERT INTO section VALUES('CSCI8366', 'CSCI8366-002', 2017, 'Fall', 30, 30, 'Open', 'PKIEWIT361', 'R', '03:00pm', '05:15pm', '22-Aug', '16-Dec', 'rgandhi');
INSERT INTO section VALUES('CSCI8410', 'CSCI8410-001', 2017, 'Fall', 30, 30, 'Open', 'PKIEWIT261', 'M', '05:30pm', '08:10pm', '22-Aug', '16-Dec', 'aparakh');
INSERT INTO section VALUES('CSCI8420', 'CSCI8420-001', 2017, 'Fall', 30, 30, 'Open', 'PKIEWIT160', 'W', '05:30pm', '08:10pm', '22-Aug', '16-Dec', 'rgandhi');
INSERT INTO section VALUES('CSCI8456', 'CSCI8456-001', 2017, 'Fall', 30, 30, 'Open', 'PKIEWIT155', 'TR', '04:00pm', '05:15pm', '22-Aug', '16-Dec', 'pdasgupta');
INSERT INTO section VALUES('CSCI8506', 'CSCI8506-001', 2017, 'Fall', 30, 30, 'Open', 'PKIEWIT164', 'TR', '04:00pm', '05:15pm', '22-Aug', '16-Dec', 'stanw');
INSERT INTO section VALUES('CSCI8530', 'CSCI8530-001', 2017, 'Fall', 30, 30, 'Open', 'PKIEWIT256', 'TR', '05:30pm', '06:45pm', '22-Aug', '16-Dec', 'stanw');
INSERT INTO section VALUES('CSCI8620', 'CSCI8620-001', 2017, 'Fall', 30, 30, 'Open', 'PKIEWIT278', 'MW', '05:30pm', '06:45pm', '22-Aug', '16-Dec', 'jyoun');
INSERT INTO section VALUES('CSCI8700', 'CSCI8700-001', 2017, 'Fall', 30, 30, 'Open', 'PKIEWIT256', 'TR', '07:00pm', '08:15pm', '22-Aug', '16-Dec', 'hsiy');
INSERT INTO section VALUES('CSCI8836', 'CSCI8836-001', 2017, 'Fall', 30, 30, 'Open', 'PKIEWIT252', 'MW', '04:00pm', '05:15pm', '22-Aug', '16-Dec', 'myoungkyu');
INSERT INTO section VALUES('CSCI8856', 'CSCI8856-001', 2017, 'Fall', 30, 30, 'Open', 'PKIEWIT155', 'TR', '12:00pm', '01:15pm', '22-Aug', '16-Dec', 'zchen');
INSERT INTO section VALUES('CSCI8910', 'CSCI8910-850', 2017, 'Fall', 30, 30, 'Open', 'TOTLONLINE', 'TBA', 'TBA', 'TBA', '22-Aug', '16-Dec', 'qzhu');
INSERT INTO section VALUES('CSCI8920', 'CSCI8920-001', 2017, 'Fall', 30, 30, 'Open', 'PKIEWIT260', 'R', '05:30pm', '08:10pm', '22-Aug', '16-Dec', 'aparakh');
INSERT INTO section VALUES('CSCI8950', 'CSCI8950-001', 2017, 'Fall', 30, 30, 'Open', 'TBA', 'TBA', 'TBA', 'TBA', '22-Aug', '16-Dec', 'jyoun');
INSERT INTO section VALUES('CSCI8960', 'CSCI8960-001', 2017, 'Fall', 10, 10, 'Open', 'TBA', 'TBA', 'TBA', 'TBA', '22-Aug', '16-Dec', 'jyoun');
INSERT INTO section VALUES('CSCI8970', 'CSCI8970-001', 2017, 'Fall', 10, 10, 'Open', 'TBA', 'TBA', 'TBA', 'TBA', '22-Aug', '16-Dec', 'jyoun');
INSERT INTO section VALUES('CSCI8986', 'CSCI8986-001', 2017, 'Fall', 25, 25, 'Open', 'PKIEWIT278', 'TR', '12:00pm', '01:15pm', '22-Aug', '16-Dec', 'bricks');
INSERT INTO section VALUES('CSCI8990', 'CSCI8990-001', 2017, 'Fall', 10, 10, 'Open', 'TBA', 'TBA', 'TBA', 'TBA', '22-Aug', '16-Dec', 'jyoun');
INSERT INTO section VALUES('CIST1400', 'CIST1400-006', 2017, 'Fall', 30, 30, 'Open', 'PKIEWIT256', 'TR', '01:30pm', '02:45pm', '22-Aug', '16-Dec', 'rfulkerson');
INSERT INTO section VALUES('CIST1400', 'CIST1400-009', 2017, 'Fall', 30, 30, 'Open', 'PKIEWIT274', 'MW', '12:00pm', '01:15pm', '22-Aug', '16-Dec', 'dbertelsen');
INSERT INTO section VALUES('CIST1400', 'CIST1400-010', 2017, 'Fall', 30, 30, 'Open', 'PKIEWIT261', 'MW', '09:00am', '10:15am', '22-Aug', '16-Dec', 'aashokan');
INSERT INTO section VALUES('CIST1400', 'CIST1400-850', 2017, 'Fall', 30, 30, 'Open', 'TOTLONLINE', 'TBA', 'TBA', 'TBA', '22-Aug', '16-Dec', 'rfulkerson');

INSERT INTO course_conc VALUES('CSCI1620', 'GE');
INSERT INTO course_conc VALUES('CSCI3710', 'GE');
INSERT INTO course_conc VALUES('CSCI4220', 'GE');
INSERT INTO course_conc VALUES('CSCI4350', 'GE');
INSERT INTO course_conc VALUES('CSCI4830', 'GE');
INSERT INTO course_conc VALUES('CSCI8000', 'CC');
INSERT INTO course_conc VALUES('CSCI8010', 'GE');
INSERT INTO course_conc VALUES('CSCI8040', 'NW');
INSERT INTO course_conc VALUES('CSCI8040', 'DB');
INSERT INTO course_conc VALUES('CSCI8080', 'CC');
INSERT INTO course_conc VALUES('CSCI8105', 'GE');
INSERT INTO course_conc VALUES('CSCI8110', 'AI');
INSERT INTO course_conc VALUES('CSCI8150', 'CC');
INSERT INTO course_conc VALUES('CSCI8156', 'NW');
INSERT INTO course_conc VALUES('CSCI8156', 'IA');
INSERT INTO course_conc VALUES('CSCI8210', 'NW');
INSERT INTO course_conc VALUES('CSCI8256', 'SE');
INSERT INTO course_conc VALUES('CSCI8266', 'SE');
INSERT INTO course_conc VALUES('CSCI8300', 'AI');
INSERT INTO course_conc VALUES('CSCI8305', 'GE');
INSERT INTO course_conc VALUES('CSCI8306', 'GE');
INSERT INTO course_conc VALUES('CSCI8316', 'GE');
INSERT INTO course_conc VALUES('CSCI8325', 'GE');
INSERT INTO course_conc VALUES('CSCI8350', 'DB');
INSERT INTO course_conc VALUES('CSCI8360', 'DB');
INSERT INTO course_conc VALUES('CSCI8366', 'GE');
INSERT INTO course_conc VALUES('CSCI8390', 'DB');
INSERT INTO course_conc VALUES('CSCI8340', 'DB');
INSERT INTO course_conc VALUES('CSCI8410', 'NW');
INSERT INTO course_conc VALUES('CSCI8410', 'IA');
INSERT INTO course_conc VALUES('CSCI8420', 'SE');
INSERT INTO course_conc VALUES('CSCI8420', 'IA');
INSERT INTO course_conc VALUES('CSCI8430', 'SE');
INSERT INTO course_conc VALUES('CSCI8430', 'IA');
INSERT INTO course_conc VALUES('CSCI8450', 'IA');
INSERT INTO course_conc VALUES('CSCI8450', 'AI');
INSERT INTO course_conc VALUES('CSCI8456', 'AI');
INSERT INTO course_conc VALUES('CSCI8480', 'AI');
INSERT INTO course_conc VALUES('CSCI8506', 'GE');
INSERT INTO course_conc VALUES('CSCI8530', 'CC');
INSERT INTO course_conc VALUES('CSCI8555', 'GE');
INSERT INTO course_conc VALUES('CSCI8566', 'GE');
INSERT INTO course_conc VALUES('CSCI8610', 'NW');
INSERT INTO course_conc VALUES('CSCI8610', 'IA');
INSERT INTO course_conc VALUES('CSCI8620', 'NW');
INSERT INTO course_conc VALUES('CSCI8626', 'GE');
INSERT INTO course_conc VALUES('CSCI8700', 'CC');
INSERT INTO course_conc VALUES('CSCI8710', 'SE');
INSERT INTO course_conc VALUES('CSCI8760', 'SE');
INSERT INTO course_conc VALUES('CSCI8760', 'IA');
INSERT INTO course_conc VALUES('CSCI8790', 'SE');
INSERT INTO course_conc VALUES('CSCI8836', 'GE');
INSERT INTO course_conc VALUES('CSCI8856', 'DB');
INSERT INTO course_conc VALUES('CSCI8876', 'DB');
INSERT INTO course_conc VALUES('CSCI8910', 'CAP');
INSERT INTO course_conc VALUES('CSCI8920', 'GE');
INSERT INTO course_conc VALUES('CSCI8950', 'GE');
INSERT INTO course_conc VALUES('CSCI8960', 'PRO');
INSERT INTO course_conc VALUES('CSCI8970', 'GE');
INSERT INTO course_conc VALUES('CSCI8986', 'GE');
INSERT INTO course_conc VALUES('CSCI8990', 'THE');
INSERT INTO course_conc VALUES('CIST1400', 'GE');

INSERT INTO users VALUES('gsrinivas', 'Girish', 'Srinivas', 'gsrinivas@unomaha.edu', 'Student');
INSERT INTO users VALUES('pyalala', 'Pooja', 'Yalala', 'pyalala@unomaha.edu', 'Student');
INSERT INTO users VALUES('cbalakrishna', 'Chethan', 'Balakrishna', 'cbalakrishna@unomaha.edu', 'Student');
INSERT INTO users VALUES('vhegde', 'Varun', 'Hegde', 'vhegde@unomaha.edu', 'Student');
INSERT INTO users VALUES('sandy', 'Santosh', 'Kumar', 'sandy@unomaha.edu', 'Student');
INSERT INTO users VALUES('kkrishnappa', 'Kavya', 'Krishnappa', 'kkrishnappa@unomaha.edu', 'Student');
INSERT INTO users VALUES('rsubramani', 'Roopa', 'Subramani', 'rsubramani@unomaha.edu', 'Student');
INSERT INTO users VALUES('gpravi', 'Gautam', 'Ravi', 'gpravi@unomaha.edu', 'Student');
INSERT INTO users VALUES('areddy', 'Arjun', 'Reddy', 'areddy@unomaha.edu', 'Student');
INSERT INTO users VALUES('bsn', 'Bharath', 'SN', 'bsn@unomaha.edu', 'Student');
INSERT INTO users VALUES('lplanos', 'Leslie', 'Planos', 'lplanos@unomaha.edu', 'Advisor');
INSERT INTO users VALUES('bpainter', 'Brenda', 'Painter', 'bpainter@unomaha.edu', 'Advisor');

INSERT INTO advisor VALUES('lplanos');
INSERT INTO advisor VALUES('bpainter');

INSERT INTO student VALUES('gsrinivas', 'Masters', 'Computer Science', 'Artificial Intelligence', 'bpainter');
INSERT INTO student VALUES('pyalala', 'Masters', 'Computer Science', 'Software Engineering', 'bpainter');
INSERT INTO student VALUES('cbalakrishna', 'Masters', 'Computer Science', 'General', 'bpainter');
INSERT INTO student VALUES('vhegde', 'Masters', 'Computer Science', 'Information Assurance', 'lplanos');
INSERT INTO student VALUES('sandy', 'Masters', 'Computer Science', 'Database Systems and Data Science', 'lplanos');
INSERT INTO student VALUES('kkrishnappa', 'Masters', 'Computer Science', 'Artificial Intelligence', 'bpainter');
INSERT INTO student VALUES('rsubramani', 'Masters', 'Computer Science', 'Software Engineering', 'bpainter');
INSERT INTO student VALUES('gpravi', 'Masters', 'Computer Science', 'Artificial Intelligence', 'lplanos');
INSERT INTO student VALUES('areddy', 'Masters', 'Computer Science', 'General', 'lplanos');
INSERT INTO student VALUES('bsn', 'Masters', 'Computer Science', 'Newtorks Technologes', 'lplanos');

INSERT INTO login VALUES(11111, 'admin1', 'gsrinivas');
INSERT INTO login VALUES(22222, 'admin2', 'pyalala');
INSERT INTO login VALUES(33333, 'admin3', 'cbalakrishna');
INSERT INTO login VALUES(44444, 'admin4', 'vhegde');
INSERT INTO login VALUES(55555, 'admin5', 'sandy');
INSERT INTO login VALUES(66666, 'admin6', 'kkrishnappa');
INSERT INTO login VALUES(77777, 'admin7', 'rsubramani');
INSERT INTO login VALUES(88888, 'admin8', 'gpravi');
INSERT INTO login VALUES(99999, 'admin9', 'areddy');
INSERT INTO login VALUES(11110, 'admin10', 'bsn');
INSERT INTO login VALUES(22220, 'admin11', 'lplanos');
INSERT INTO login VALUES(33330, 'admin12', 'bpainter');

